Latitude,Longitude,ACCOUNT,GROWCODE,GROWNAME,FARMNAME,FLDNAME,SAMPLEID,RPTNO,REPORTDATE,LABNO,OM,CEC,PH,BPH,SALT,units,P1,P2,BICARB,K,CA,MG,S,NA,ZN,MN,FE,CU,B,NO3N,OM_RATE,CEC_RATE,PH_RATE,SALT_RATE,P1_RATE,P2_RATE,BC_RATE,K_RATE,CA_RATE,MG_RATE,S_RATE,NA_RATE,ZN_RATE,MN_RATE,FE_RATE,CU_RATE,B_RATE,NO3_RATE,PERK,PERMG,PERCA,PERNA,PERH,HEADGUID,CL,NH4N,AL_M3,PCROP1,CROP1,YIELD1,YLD_UNIT1,LIME1,NREC1,P2O5REC1,K2OREC1,CAREC1,MGREC1,SREC1,ZNREC1,MNREC1,FEREC1,CUREC1,BREC1,PCROP2,CROP2,YIELD2,YLD_UNIT2,LIME2,NREC2,P2O5REC2,K2OREC2,CAREC2,MGREC2,SREC2,ZNREC2,MNREC2,FEREC2,CUREC2,BREC2,PCROP3,CROP3,YIELD3,YLD_UNIT3,LIME3,NREC3,P2O5REC3,K2OREC3,CAREC3,MGREC3,SREC3,ZNREC3,MNREC3,FEREC3,CUREC3,BREC3,SAMPGUID,p2o5 2 crops,k20 2 crops,11-52-0 2 crops,0-0-60 2 crops
40.24683426,-85.14797936,20514,DPAC,DAVIS PURDUE AG CENT,DAVIS PURDUE AG CENT,M2,1,F15093-026,4/7/2020,11494,3.5,11.1,6.8,0,0,ppm,34,0,0,108,1400,420,6,0,2.5,42,44,1.5,0.5,0,M,M,M,,H,,,M,M,VH,L,,L,H,H,H,L ,,2.5,31.5,63,0,3,,0,0,0,Soybeans,Corn (Tri-State),175,bu,0,180,40,65,0,0,0,1,0,0,0,0,Corn,Soybeans (Tri-State),65,bu,0,0,30,110,0,0,0,1,0,0,0,0,,,0,,0,0,0,0,0,0,0,0,0,0,0,0,,70,175,135,292
40.24683042,-85.14850798,20514,DPAC,DAVIS PURDUE AG CENT,DAVIS PURDUE AG CENT,M2,2,F15093-026,4/7/2020,11495,3.3,9.5,5.9,6.8,0,ppm,40,0,0,103,900,275,6,0,1.9,33,50,1.1,0.2,0,M,M,M,,H,,,M,L,H,L,,L,H,H,M,VL,,2.8,24.2,47.6,0,25.4,,0,0,0,Soybeans,Corn (Tri-State),175,bu,1,180,0,65,0,0,0,0,0,0,0,0,Corn,Soybeans (Tri-State),65,bu,1,0,0,110,0,0,0,0,0,0,0,0,,,0,,0,0,0,0,0,0,0,0,0,0,0,0,,0,175,0,292
40.24682644,-85.14903678,20514,DPAC,DAVIS PURDUE AG CENT,DAVIS PURDUE AG CENT,M2,3,F15093-026,4/7/2020,11496,3,7.1,6,6.9,0,ppm,38,0,0,78,750,235,5,0,2.1,34,40,1.2,0.2,0,M,L,M,,H,,,M,L,VH,L,,L,H,H,H,VL,,2.8,27.5,52.8,0,16.9,,0,0,0,Soybeans,Corn (Tri-State),175,bu,1,180,15,85,0,0,0,0,0,0,0,0,Corn,Soybeans (Tri-State),65,bu,1,0,10,130,0,0,0,0,0,0,0,0,,,0,,0,0,0,0,0,0,0,0,0,0,0,0,,25,215,48,358
40.24682259,-85.1495654,20514,DPAC,DAVIS PURDUE AG CENT,DAVIS PURDUE AG CENT,M2,4,F15093-026,4/7/2020,11497,2.7,9.3,6.7,6.9,0,ppm,35,0,0,94,1050,310,5,0,2.3,39,38,1.3,0.3,0,M,M,M,,H,,,M,M,VH,L,,L,H,H,H,VL,,2.6,27.9,56.6,0,12.9,,0,0,0,Soybeans,Corn (Tri-State),175,bu,0,180,30,75,0,0,0,1,0,0,0,0,Corn,Soybeans (Tri-State),65,bu,0,0,25,115,0,0,0,1,0,0,0,0,,,0,,0,0,0,0,0,0,0,0,0,0,0,0,,55,190,106,317
40.24681875,-85.15009402,20514,DPAC,DAVIS PURDUE AG CENT,DAVIS PURDUE AG CENT,M2,5,F15093-026,4/7/2020,11498,3.2,14.6,7.7,0,0,ppm,76,0,0,172,2400,265,6,0,3.7,44,53,1.7,0.9,0,M,M,VH,,VH,,,H,H,H,L,,M,H,VH,H,M ,,3,15.1,81.9,0,0,,0,0,0,Soybeans,Corn (Tri-State),175,bu,0,180,0,0,0,0,0,5,0,0,0,0,Corn,Soybeans (Tri-State),65,bu,0,0,0,0,0,0,0,5,0,0,0,0,,,0,,0,0,0,0,0,0,0,0,0,0,0,0,,0,0,0,0
40.24681477,-85.15062282,20514,DPAC,DAVIS PURDUE AG CENT,DAVIS PURDUE AG CENT,M2,6,F15093-026,4/7/2020,11499,2.9,9.6,6.4,6.9,0,ppm,37,0,0,108,1150,290,6,0,1.9,33,52,1.4,0.4,0,M,M,M,,H,,,M,M,VH,L,,L,H,VH,H,L ,,2.9,25.1,59.6,0,12.4,,0,0,0,Soybeans,Corn (Tri-State),175,bu,0,180,20,65,0,0,0,0,0,0,0,0,Corn,Soybeans (Tri-State),65,bu,0,0,15,110,0,0,0,0,0,0,0,0,,,0,,0,0,0,0,0,0,0,0,0,0,0,0,,35,175,67,292
40.24681078,-85.15115144,20514,DPAC,DAVIS PURDUE AG CENT,DAVIS PURDUE AG CENT,M2,7,F15093-026,4/7/2020,11500,7.1,15.7,6.6,6.9,0,ppm,55,0,0,151,1950,520,7,0,3.3,22,89,2.6,0.8,0,VH,H,M,,VH,,,M,M,VH,L,,M,M,VH,H,M ,,2.5,27.7,62.2,0,7.7,,0,0,0,Soybeans,Corn (Tri-State),175,bu,0,180,0,45,0,0,0,0,0,0,0,0,Corn,Soybeans (Tri-State),65,bu,0,0,0,75,0,0,0,0,0,0,0,0,,,0,,0,0,0,0,0,0,0,0,0,0,0,0,,0,120,0,200
40.24680694,-85.15168025,20514,DPAC,DAVIS PURDUE AG CENT,DAVIS PURDUE AG CENT,M2,8,F15093-026,4/7/2020,11503,4,10.8,7.4,0,0,ppm,31,0,0,87,1400,430,6,0,1.7,30,51,1.4,0.5,0,M,M,H,,H,,,M,M,VH,L,,L,H,VH,H,L ,,2.1,33.2,64.8,0,0,,0,0,0,Soybeans,Corn (Tri-State),175,bu,0,180,60,90,0,0,0,4,0,0,0,0,Corn,Soybeans (Tri-State),65,bu,0,0,45,135,0,0,0,4,0,0,0,0,,,0,,0,0,0,0,0,0,0,0,0,0,0,0,,105,225,202,375
40.24680296,-85.15220887,20514,DPAC,DAVIS PURDUE AG CENT,DAVIS PURDUE AG CENT,M2,9,F15093-026,4/7/2020,11504,4,9.7,6.9,0,0,ppm,38,0,0,96,1200,395,7,0,2,35,53,1.4,0.3,0,M,M,M,,H,,,M,M,VH,L,,L,H,VH,H,VL,,2.5,34,62,0,1.5,,0,0,0,Soybeans,Corn (Tri-State),175,bu,0,180,15,70,0,0,0,2,0,0,0,0,Corn,Soybeans (Tri-State),65,bu,0,0,10,115,0,0,0,2,0,0,0,0,,,0,,0,0,0,0,0,0,0,0,0,0,0,0,,25,185,48,308
40.24639797,-85.15220383,20514,DPAC,DAVIS PURDUE AG CENT,DAVIS PURDUE AG CENT,M2,10,F15093-026,4/7/2020,11505,5.2,14.1,6.6,6.9,0,ppm,76,0,0,198,1700,465,7,0,2.3,27,81,1.8,0.5,0,H,M,M,,VH,,,H,M,VH,L,,L,M,VH,H,L ,,3.6,27.5,60.4,0,8.5,,0,0,0,Soybeans,Corn (Tri-State),175,bu,0,180,0,0,0,0,0,0,0,0,0,0,Corn,Soybeans (Tri-State),65,bu,0,0,0,0,0,0,0,0,0,0,0,0,,,0,,0,0,0,0,0,0,0,0,0,0,0,0,,0,0,0,0
40.24640181,-85.15167503,20514,DPAC,DAVIS PURDUE AG CENT,DAVIS PURDUE AG CENT,M2,11,F15093-026,4/7/2020,11506,5.3,12.8,7.1,0,0,ppm,44,0,0,146,1750,440,6,0,1.9,24,46,1.8,0.9,0,H,M,H,,H,,,M,M,VH,L,,L,M,H,H,M ,,2.9,28.7,68.4,0,0,,0,0,0,Soybeans,Corn (Tri-State),175,bu,0,180,0,35,0,0,0,3,0,0,0,0,Corn,Soybeans (Tri-State),65,bu,0,0,0,60,0,0,0,3,0,0,0,0,,,0,,0,0,0,0,0,0,0,0,0,0,0,0,,0,95,0,158
40.24640566,-85.15114641,20514,DPAC,DAVIS PURDUE AG CENT,DAVIS PURDUE AG CENT,M2,12,F15093-026,4/7/2020,11507,3.8,12.6,7,0,0,ppm,33,0,0,142,1600,505,6,0,1.7,31,62,1.7,0.4,0,M,M,H,,H,,,M,M,VH,L,,L,H,VH,H,L ,,2.9,33.5,63.6,0,0,,0,0,0,Soybeans,Corn (Tri-State),175,bu,0,180,45,50,0,0,0,2,0,0,0,0,Corn,Soybeans (Tri-State),65,bu,0,0,35,80,0,0,0,2,0,0,0,0,,,0,,0,0,0,0,0,0,0,0,0,0,0,0,,80,130,154,217
40.24640964,-85.15061779,20514,DPAC,DAVIS PURDUE AG CENT,DAVIS PURDUE AG CENT,M2,13,F15093-026,4/7/2020,11508,3,9.7,6.1,6.8,0,ppm,26,0,0,98,950,280,6,0,1.7,30,52,1.1,0.2,0,M,M,M,,M,,,M,L,H,L,,L,H,VH,M,VL,,2.6,24,48.8,0,24.7,,0,0,0,Soybeans,Corn (Tri-State),175,bu,1,180,65,70,0,0,0,0,0,0,0,0,Corn,Soybeans (Tri-State),65,bu,1,0,50,115,0,0,0,0,0,0,0,0,,,0,,0,0,0,0,0,0,0,0,0,0,0,0,,115,185,221,308
40.24641362,-85.15008898,20514,DPAC,DAVIS PURDUE AG CENT,DAVIS PURDUE AG CENT,M2,14,F15093-026,4/7/2020,11509,3.1,11.2,6.3,6.9,0,ppm,25,0,0,130,1250,410,5,0,1.5,34,48,1.3,0.4,0,M,M,M,,M,,,M,M,VH,L,,L,H,H,H,L ,,3,30.5,55.8,0,10.7,,0,0,0,Soybeans,Corn (Tri-State),175,bu,0,180,65,65,0,0,0,0,0,0,0,0,Corn,Soybeans (Tri-State),65,bu,0,0,50,110,0,0,0,0,0,0,0,0,,,0,,0,0,0,0,0,0,0,0,0,0,0,0,,115,175,221,292
40.24641746,-85.14956036,20514,DPAC,DAVIS PURDUE AG CENT,DAVIS PURDUE AG CENT,M2,15,F15093-026,4/7/2020,11510,3.6,11.7,6.7,6.9,0,ppm,23,0,0,104,1250,475,6,0,1.3,35,46,1.2,0.2,0,M,M,M,,M,,,M,L,VH,L,,L,H,H,H,VL,,2.3,33.9,53.5,0,10.3,,0,0,0,Soybeans,Corn (Tri-State),175,bu,0,180,65,70,0,0,0,1,0,0,0,0,Corn,Soybeans (Tri-State),65,bu,0,0,50,110,0,0,0,1,0,0,0,0,,,0,,0,0,0,0,0,0,0,0,0,0,0,0,,115,180,221,300
40.24642144,-85.14903156,20514,DPAC,DAVIS PURDUE AG CENT,DAVIS PURDUE AG CENT,M2,16,F15093-026,4/7/2020,11511,3.9,11.9,6.6,6.9,0,ppm,26,0,0,134,1400,405,5,0,1.8,33,74,2,0.4,0,M,M,M,,M,,,M,M,VH,L,,L,H,VH,H,L ,,2.9,28.3,58.7,0,10.1,,0,0,0,Soybeans,Corn (Tri-State),175,bu,0,180,65,65,0,0,0,0,0,0,0,0,Corn,Soybeans (Tri-State),65,bu,0,0,50,110,0,0,0,0,0,0,0,0,,,0,,0,0,0,0,0,0,0,0,0,0,0,0,,115,175,221,292
40.24642529,-85.14850294,20514,DPAC,DAVIS PURDUE AG CENT,DAVIS PURDUE AG CENT,M2,17,F15093-026,4/7/2020,11512,5.4,11.4,6.4,6.9,0,ppm,47,0,0,157,1350,365,5,0,2,29,51,2,0.5,0,H,M,M,,H,,,H,M,VH,L,,L,M,VH,H,L ,,3.5,26.7,59.2,0,10.5,,0,0,0,Soybeans,Corn (Tri-State),175,bu,0,180,0,0,0,0,0,0,0,0,0,0,Corn,Soybeans (Tri-State),65,bu,0,0,0,0,0,0,0,0,0,0,0,0,,,0,,0,0,0,0,0,0,0,0,0,0,0,0,,0,0,0,0
40.24642913,-85.14797414,20514,DPAC,DAVIS PURDUE AG CENT,DAVIS PURDUE AG CENT,M2,18,F15093-026,4/7/2020,11513,4,11.6,6,6.8,0,ppm,39,0,0,113,1200,345,7,0,1.6,31,71,1.6,0.3,0,M,M,M,,H,,,M,L,H,L,,L,H,VH,H,VL,,2.5,24.9,51.9,0,20.8,,0,0,0,Soybeans,Corn (Tri-State),175,bu,1,180,5,65,0,0,0,0,0,0,0,0,Corn,Soybeans (Tri-State),65,bu,1,0,5,110,0,0,0,0,0,0,0,0,,,0,,0,0,0,0,0,0,0,0,0,0,0,0,,10,175,19,292
40.24602414,-85.1479691,20514,DPAC,DAVIS PURDUE AG CENT,DAVIS PURDUE AG CENT,M2,19,F15093-026,4/7/2020,11514,6,15.3,6.6,6.9,0,ppm,81,0,0,223,1900,485,7,0,2.6,13,119,2.9,0.8,0,H,H,M,,VH,,,H,M,VH,L,,L,L,VH,H,M ,,3.7,26.4,62,0,7.8,,0,0,0,Soybeans,Corn (Tri-State),175,bu,0,180,0,0,0,0,0,0,0,0,0,0,Corn,Soybeans (Tri-State),65,bu,0,0,0,0,0,0,0,0,0,0,0,0,,,0,,0,0,0,0,0,0,0,0,0,0,0,0,,0,0,0,0
40.24602016,-85.14849772,20514,DPAC,DAVIS PURDUE AG CENT,DAVIS PURDUE AG CENT,M2,20,F15093-026,4/7/2020,11515,5.9,15.1,6.2,6.8,0,ppm,64,0,0,197,1700,440,6,0,2.1,9,96,3,0.6,0,H,H,M,,VH,,,H,M,H,L,,L,L,VH,H,M ,,3.4,24.3,56.4,0,15.9,,0,0,0,Soybeans,Corn (Tri-State),175,bu,1,180,0,0,0,0,0,0,0,0,0,0,Corn,Soybeans (Tri-State),65,bu,1,0,0,0,0,0,0,0,0,0,0,0,,,0,,0,0,0,0,0,0,0,0,0,0,0,0,,0,0,0,0
40.24601631,-85.14902653,20514,DPAC,DAVIS PURDUE AG CENT,DAVIS PURDUE AG CENT,M2,21,F15093-026,4/7/2020,11516,5.5,18,6.4,6.8,0,ppm,68,0,0,229,2050,570,6,0,2.2,12,73,3,0.7,0,H,H,M,,VH,,,H,M,VH,L,,L,L,VH,H,M ,,3.3,26.4,57,0,13.3,,0,0,0,Soybeans,Corn (Tri-State),175,bu,0,180,0,0,0,0,0,0,0,0,0,0,Corn,Soybeans (Tri-State),65,bu,0,0,0,0,0,0,0,0,0,0,0,0,,,0,,0,0,0,0,0,0,0,0,0,0,0,0,,0,0,0,0
40.24601233,-85.14955515,20514,DPAC,DAVIS PURDUE AG CENT,DAVIS PURDUE AG CENT,M2,22,F15093-026,4/7/2020,11517,5.4,16.6,6.1,6.7,0,ppm,71,0,0,193,1750,445,7,0,2.3,12,85,2.7,0.4,0,H,H,M,,VH,,,H,L,H,L,,L,L,VH,H,L ,,3,22.4,52.9,0,21.7,,0,0,0,Soybeans,Corn (Tri-State),175,bu,2,180,0,0,0,0,0,0,0,0,0,0,Corn,Soybeans (Tri-State),65,bu,2,0,0,0,0,0,0,0,0,0,0,0,,,0,,0,0,0,0,0,0,0,0,0,0,0,0,,0,0,0,0
40.24600835,-85.15008395,20514,DPAC,DAVIS PURDUE AG CENT,DAVIS PURDUE AG CENT,M2,23,F15093-026,4/7/2020,11518,4.1,11.7,6.4,6.9,0,ppm,35,0,0,123,1350,410,7,0,1.8,14,59,2.1,0.3,0,M,M,M,,H,,,M,M,VH,L,,L,L,VH,H,VL,,2.7,29.2,57.8,0,10.3,,0,0,0,Soybeans,Corn (Tri-State),175,bu,0,180,30,65,0,0,0,0,0,0,0,0,Corn,Soybeans (Tri-State),65,bu,0,0,25,110,0,0,0,0,0,0,0,0,,,0,,0,0,0,0,0,0,0,0,0,0,0,0,,55,175,106,292
40.24600451,-85.15061257,20514,DPAC,DAVIS PURDUE AG CENT,DAVIS PURDUE AG CENT,M2,24,F15093-026,4/7/2020,11519,4.4,15.3,5.8,6.7,0,ppm,48,0,0,211,1600,385,7,0,2.4,32,53,2.1,0.5,0,M,H,L,,H,,,H,L,H,L,,L,H,VH,H,L ,,3.5,20.9,52.1,0,23.5,,0,0,0,Soybeans,Corn (Tri-State),175,bu,2,180,0,0,0,0,0,0,0,0,0,0,Corn,Soybeans (Tri-State),65,bu,2,0,0,0,0,0,0,0,0,0,0,0,,,0,,0,0,0,0,0,0,0,0,0,0,0,0,,0,0,0,0
40.24600066,-85.15114137,20514,DPAC,DAVIS PURDUE AG CENT,DAVIS PURDUE AG CENT,M2,25,F15093-026,4/7/2020,11520,6.1,17.2,7.5,0,0,ppm,70,0,0,252,2350,575,5,0,2.8,39,43,2.6,1.2,0,H,H,H,,VH,,,VH,M,VH,L,,L,H,H,H,M ,,3.8,27.9,68.4,0,0,,0,0,0,Soybeans,Corn (Tri-State),175,bu,0,180,0,0,0,0,0,4,0,0,0,0,Corn,Soybeans (Tri-State),65,bu,0,0,0,0,0,0,0,4,0,0,0,0,,,0,,0,0,0,0,0,0,0,0,0,0,0,0,,0,0,0,0
40.24599668,-85.15166981,20514,DPAC,DAVIS PURDUE AG CENT,DAVIS PURDUE AG CENT,M2,26,F15093-026,4/7/2020,11521,7.5,15.3,6.5,6.9,0,ppm,59,0,0,214,2000,430,6,0,2.8,17,69,2.5,0.8,0,VH,H,M,,VH,,,H,M,H,L,,L,M,VH,H,M ,,3.6,23.4,65.2,0,7.8,,0,0,0,Soybeans,Corn (Tri-State),175,bu,0,180,0,0,0,0,0,0,0,0,0,0,Corn,Soybeans (Tri-State),65,bu,0,0,0,0,0,0,0,0,0,0,0,0,,,0,,0,0,0,0,0,0,0,0,0,0,0,0,,0,0,0,0
40.24599284,-85.15219861,20514,DPAC,DAVIS PURDUE AG CENT,DAVIS PURDUE AG CENT,M2,27,F15093-026,4/7/2020,11522,5.7,12.8,6.4,6.9,0,ppm,65,0,0,167,1500,440,7,0,2,20,82,1.8,0.7,0,H,M,M,,VH,,,H,M,VH,L,,L,M,VH,H,M ,,3.3,28.7,58.6,0,9.4,,0,0,0,Soybeans,Corn (Tri-State),175,bu,0,180,0,0,0,0,0,0,0,0,0,0,Corn,Soybeans (Tri-State),65,bu,0,0,0,0,0,0,0,0,0,0,0,0,,,0,,0,0,0,0,0,0,0,0,0,0,0,0,,0,0,0,0
40.24558757,-85.15219358,20514,DPAC,DAVIS PURDUE AG CENT,DAVIS PURDUE AG CENT,M2,28,F15093-026,4/7/2020,11523,4.8,11.6,6.9,0,0,ppm,44,0,0,116,1500,435,5,0,1.6,41,48,1.3,0.6,0,M,M,M,,H,,,M,M,VH,L,,L,H,H,H,M ,,2.6,31.3,64.7,0,1.5,,0,0,0,Soybeans,Corn (Tri-State),175,bu,0,180,0,65,0,0,0,2,0,0,0,0,Corn,Soybeans (Tri-State),65,bu,0,0,0,110,0,0,0,2,0,0,0,0,,,0,,0,0,0,0,0,0,0,0,0,0,0,0,,0,175,0,292
40.24559155,-85.15166478,20514,DPAC,DAVIS PURDUE AG CENT,DAVIS PURDUE AG CENT,M2,29,F15093-026,4/7/2020,11526,4.2,22.2,7.8,0,0,ppm,36,0,0,140,3900,280,6,0,1.8,43,18,1.6,0.8,0,M,H,VH,,H,,,M,VH,M,L,,L,H,H,H,M ,,1.6,10.5,87.9,0,0,,0,0,0,Soybeans,Corn (Tri-State),175,bu,0,180,25,65,0,0,0,6,0,0,0,0,Corn,Soybeans (Tri-State),65,bu,0,0,20,110,0,0,0,6,0,0,0,0,,,0,,0,0,0,0,0,0,0,0,0,0,0,0,,45,175,87,292
40.24559553,-85.15113616,20514,DPAC,DAVIS PURDUE AG CENT,DAVIS PURDUE AG CENT,M2,30,F15093-026,4/7/2020,11527,3.4,13,6.6,6.9,0,ppm,24,0,0,110,1550,450,6,0,1.4,39,35,1.1,0.5,0,M,M,M,,M,,,M,M,VH,L,,L,H,H,M,L ,,2.2,28.9,59.7,0,9.2,,0,0,0,Soybeans,Corn (Tri-State),175,bu,0,180,65,65,0,0,0,0,0,0,0,0,Corn,Soybeans (Tri-State),65,bu,0,0,50,110,0,0,0,0,0,0,0,0,,,0,,0,0,0,0,0,0,0,0,0,0,0,0,,115,175,221,292
40.24559937,-85.15060735,20514,DPAC,DAVIS PURDUE AG CENT,DAVIS PURDUE AG CENT,M2,31,F15093-026,4/7/2020,11528,3.7,13.1,7.6,0,0,ppm,38,0,0,156,1800,440,5,0,2.1,44,29,1.6,0.7,0,M,M,VH,,H,,,H,M,VH,L,,L,H,H,H,M ,,3.1,28.1,68.9,0,0,,0,0,0,Soybeans,Corn (Tri-State),175,bu,0,180,15,5,0,0,0,5,0,0,0,0,Corn,Soybeans (Tri-State),65,bu,0,0,10,10,0,0,0,5,0,0,0,0,,,0,,0,0,0,0,0,0,0,0,0,0,0,0,,25,15,48,25
40.24560335,-85.15007873,20514,DPAC,DAVIS PURDUE AG CENT,DAVIS PURDUE AG CENT,M2,32,F15093-026,4/7/2020,11529,4,12.3,7.1,0,0,ppm,37,0,0,130,1650,450,6,0,1.8,34,53,1.4,0.6,0,M,M,H,,H,,,M,M,VH,L,,L,H,VH,H,M ,,2.7,30.4,66.9,0,0,,0,0,0,Soybeans,Corn (Tri-State),175,bu,0,180,20,65,0,0,0,3,0,0,0,0,Corn,Soybeans (Tri-State),65,bu,0,0,15,110,0,0,0,3,0,0,0,0,,,0,,0,0,0,0,0,0,0,0,0,0,0,0,,35,175,67,292
40.2456072,-85.14955011,20514,DPAC,DAVIS PURDUE AG CENT,DAVIS PURDUE AG CENT,M2,33,F15093-026,4/7/2020,11530,6.2,15.5,6,6.7,0,ppm,81,0,0,227,1600,400,8,0,2.2,15,80,3.4,0.6,0,H,H,M,,VH,,,H,L,H,M,,L,M,VH,VH,M ,,3.8,21.5,51.6,0,23.2,,0,0,0,Soybeans,Corn (Tri-State),175,bu,2,180,0,0,0,0,0,0,0,0,0,0,Corn,Soybeans (Tri-State),65,bu,2,0,0,0,0,0,0,0,0,0,0,0,,,0,,0,0,0,0,0,0,0,0,0,0,0,0,,0,0,0,0
40.24561104,-85.14902149,20514,DPAC,DAVIS PURDUE AG CENT,DAVIS PURDUE AG CENT,M2,34,F15093-026,4/7/2020,11531,6.3,15.9,6.7,6.9,0,ppm,58,0,0,177,1950,545,6,0,2,12,51,2.9,0.6,0,H,H,M,,VH,,,H,M,VH,L,,L,L,VH,H,M ,,2.8,28.5,61.1,0,7.5,,0,0,0,Soybeans,Corn (Tri-State),175,bu,0,180,0,0,0,0,0,1,1,0,0,0,Corn,Soybeans (Tri-State),65,bu,0,0,0,0,0,0,0,1,1,0,0,0,,,0,,0,0,0,0,0,0,0,0,0,0,0,0,,0,0,0,0
40.24561502,-85.14849269,20514,DPAC,DAVIS PURDUE AG CENT,DAVIS PURDUE AG CENT,M2,35,F15093-026,4/7/2020,11532,6.8,16,6.4,6.8,0,ppm,72,0,0,210,1800,485,7,0,2.3,11,135,3.3,0.8,0,H,H,M,,VH,,,H,M,VH,L,,L,L,VH,VH,M ,,3.4,25.3,56.3,0,15,,0,0,0,Soybeans,Corn (Tri-State),175,bu,0,180,0,0,0,0,0,0,0,0,0,0,Corn,Soybeans (Tri-State),65,bu,0,0,0,0,0,0,0,0,0,0,0,0,,,0,,0,0,0,0,0,0,0,0,0,0,0,0,,0,0,0,0
40.24561887,-85.14796407,20514,DPAC,DAVIS PURDUE AG CENT,DAVIS PURDUE AG CENT,M2,36,F15093-026,4/7/2020,11533,6.5,15.2,6.6,6.9,0,ppm,83,0,0,204,1850,505,7,0,3.2,9,109,3.2,0.7,0,H,H,M,,VH,,,H,M,VH,L,,M,L,VH,VH,M ,,3.4,27.7,60.9,0,7.9,,0,0,0,Soybeans,Corn (Tri-State),175,bu,0,180,0,0,0,0,0,0,2,0,0,0,Corn,Soybeans (Tri-State),65,bu,0,0,0,0,0,0,0,0,2,0,0,0,,,0,,0,0,0,0,0,0,0,0,0,0,0,0,,0,0,0,0
40.24521373,-85.14795885,20514,DPAC,DAVIS PURDUE AG CENT,DAVIS PURDUE AG CENT,M2,37,F15093-026,4/7/2020,11534,4.6,12.6,6.3,6.8,0,ppm,52,0,0,146,1300,395,7,0,1.8,27,66,2,0.4,0,M,M,M,,VH,,,M,L,VH,L,,L,M,VH,H,L ,,3,26.2,51.7,0,19.1,,0,0,0,Soybeans,Corn (Tri-State),175,bu,0,180,0,35,0,0,0,0,0,0,0,0,Corn,Soybeans (Tri-State),65,bu,0,0,0,60,0,0,0,0,0,0,0,0,,,0,,0,0,0,0,0,0,0,0,0,0,0,0,,0,95,0,158
40.24520989,-85.14848765,20514,DPAC,DAVIS PURDUE AG CENT,DAVIS PURDUE AG CENT,M2,38,F15093-026,4/7/2020,11535,3.7,10.9,6.4,6.9,0,ppm,23,0,0,103,1200,415,5,0,1.2,26,58,1.2,0.2,0,M,M,M,,M,,,M,L,VH,L,,L,M,VH,H,VL,,2.4,31.7,54.9,0,11,,0,0,0,Soybeans,Corn (Tri-State),175,bu,0,180,65,65,0,0,0,0,0,0,0,0,Corn,Soybeans (Tri-State),65,bu,0,0,50,110,0,0,0,0,0,0,0,0,,,0,,0,0,0,0,0,0,0,0,0,0,0,0,,115,175,221,292
40.24520604,-85.14901627,20514,DPAC,DAVIS PURDUE AG CENT,DAVIS PURDUE AG CENT,M2,39,F15093-026,4/7/2020,11536,4.1,13.4,7.2,0,0,ppm,25,0,0,149,1550,635,6,0,1.5,36,42,1.4,0.4,0,M,M,H,,M,,,M,M,VH,L,,L,H,H,H,L ,,2.8,39.4,57.7,0,0,,0,0,0,Soybeans,Corn (Tri-State),175,bu,0,180,65,30,0,0,0,3,0,0,0,0,Corn,Soybeans (Tri-State),65,bu,0,0,50,55,0,0,0,3,0,0,0,0,,,0,,0,0,0,0,0,0,0,0,0,0,0,0,,115,85,221,142
40.24520206,-85.14954507,20514,DPAC,DAVIS PURDUE AG CENT,DAVIS PURDUE AG CENT,M2,40,F15093-026,4/7/2020,11537,5.3,15.7,6.5,6.9,0,ppm,53,0,0,187,1900,545,6,0,2.3,30,83,2.6,0.7,0,H,H,M,,VH,,,H,M,VH,L,,L,H,VH,H,M ,,3,28.9,60.4,0,7.6,,0,0,0,Soybeans,Corn (Tri-State),175,bu,0,180,0,0,0,0,0,0,0,0,0,0,Corn,Soybeans (Tri-State),65,bu,0,0,0,0,0,0,0,0,0,0,0,0,,,0,,0,0,0,0,0,0,0,0,0,0,0,0,,0,0,0,0
40.24519822,-85.15007352,20514,DPAC,DAVIS PURDUE AG CENT,DAVIS PURDUE AG CENT,M2,41,F15093-026,4/7/2020,11538,5.6,14.7,7,0,0,ppm,49,0,0,189,1950,530,6,0,2.1,29,73,2.3,0.8,0,H,M,H,,H,,,H,M,VH,L,,L,M,VH,H,M ,,3.3,30.1,66.5,0,0,,0,0,0,Soybeans,Corn (Tri-State),175,bu,0,180,0,0,0,0,0,2,0,0,0,0,Corn,Soybeans (Tri-State),65,bu,0,0,0,0,0,0,0,2,0,0,0,0,,,0,,0,0,0,0,0,0,0,0,0,0,0,0,,0,0,0,0
40.24519424,-85.15060232,20514,DPAC,DAVIS PURDUE AG CENT,DAVIS PURDUE AG CENT,M2,42,F15093-026,4/7/2020,11539,3.1,10.4,6.6,6.9,0,ppm,21,0,0,85,1150,390,6,0,1.1,32,32,1,0.3,0,M,M,M,,M,,,M,M,VH,L,,L,H,H,M,VL,,2.1,31.2,55.2,0,11.5,,0,0,0,Soybeans,Corn (Tri-State),175,bu,0,180,65,90,0,0,0,1,0,0,0,0,Corn,Soybeans (Tri-State),65,bu,0,0,50,135,0,0,0,1,0,0,0,0,,,0,,0,0,0,0,0,0,0,0,0,0,0,0,,115,225,221,375
40.24519026,-85.15113094,20514,DPAC,DAVIS PURDUE AG CENT,DAVIS PURDUE AG CENT,M2,43,F15093-026,4/7/2020,11540,3.9,9.4,6.3,6.9,0,ppm,17,0,0,81,1100,305,7,0,1.3,32,37,1.1,0.3,0,M,M,M,,L,,,M,M,VH,L,,L,H,H,M,VL,,2.2,26.9,58.2,0,12.7,,0,0,0,Soybeans,Corn (Tri-State),175,bu,0,180,65,95,0,0,0,0,0,0,0,0,Corn,Soybeans (Tri-State),65,bu,0,0,50,135,0,0,0,0,0,0,0,0,,,0,,0,0,0,0,0,0,0,0,0,0,0,0,,115,230,221,383
40.24518641,-85.15165974,20514,DPAC,DAVIS PURDUE AG CENT,DAVIS PURDUE AG CENT,M2,44,F15093-026,4/7/2020,11541,4.6,10.8,7,0,0,ppm,35,0,0,87,1500,365,6,0,2.1,30,53,1.9,0.7,0,M,M,H,,H,,,M,M,VH,L,,L,H,VH,H,M ,,2.1,28.3,69.7,0,0,,0,0,0,Soybeans,Corn (Tri-State),175,bu,0,180,30,90,0,0,0,2,0,0,0,0,Corn,Soybeans (Tri-State),65,bu,0,0,25,135,0,0,0,2,0,0,0,0,,,0,,0,0,0,0,0,0,0,0,0,0,0,0,,55,225,106,375
40.24518257,-85.15218836,20514,DPAC,DAVIS PURDUE AG CENT,DAVIS PURDUE AG CENT,M2,45,F15093-026,4/7/2020,11542,4.1,9.8,6.4,6.9,0,ppm,39,0,0,85,1050,370,7,0,1.6,34,56,1.3,0.2,0,M,M,M,,H,,,M,L,VH,L,,L,H,VH,H,VL,,2.2,31.6,53.8,0,12.3,,0,0,0,Soybeans,Corn (Tri-State),175,bu,0,180,5,90,0,0,0,0,0,0,0,0,Corn,Soybeans (Tri-State),65,bu,0,0,5,135,0,0,0,0,0,0,0,0,,,0,,0,0,0,0,0,0,0,0,0,0,0,0,,10,225,19,375
40.24477743,-85.15218333,20514,DPAC,DAVIS PURDUE AG CENT,DAVIS PURDUE AG CENT,M2,46,F15093-026,4/7/2020,11543,4.9,14.4,7.7,0,0,ppm,53,0,0,138,2100,430,5,0,1.8,45,36,1.5,0.9,0,M,M,VH,,VH,,,M,M,H,L,,L,H,H,H,M ,,2.5,24.8,72.7,0,0,,0,0,0,Soybeans,Corn (Tri-State),175,bu,0,180,0,65,0,0,0,6,0,0,0,0,Corn,Soybeans (Tri-State),65,bu,0,0,0,110,0,0,0,6,0,0,0,0,,,0,,0,0,0,0,0,0,0,0,0,0,0,0,,0,175,0,292
40.24478127,-85.15165452,20514,DPAC,DAVIS PURDUE AG CENT,DAVIS PURDUE AG CENT,M2,47,F15093-026,4/7/2020,11544,4.3,18.1,7.9,0,0,ppm,40,0,0,118,3000,330,6,0,1.6,43,36,1.5,0.9,0,M,H,VH,,H,,,M,H,H,L,,L,H,H,H,M ,,1.7,15.2,83.1,0,0,,0,0,0,Soybeans,Corn (Tri-State),175,bu,0,180,0,70,0,0,0,7,0,0,0,0,Corn,Soybeans (Tri-State),65,bu,0,0,0,115,0,0,0,7,0,0,0,0,,,0,,0,0,0,0,0,0,0,0,0,0,0,0,,0,185,0,308
40.24478525,-85.1511259,20514,DPAC,DAVIS PURDUE AG CENT,DAVIS PURDUE AG CENT,M2,48,F15093-026,4/7/2020,11545,4.6,11.5,7.2,0,0,ppm,29,0,0,95,1550,425,6,0,1.7,37,52,1.6,0.6,0,M,M,H,,M,,,M,M,VH,L,,L,H,VH,H,M ,,2.1,30.7,67.2,0,0,,0,0,0,Soybeans,Corn (Tri-State),175,bu,0,180,65,80,0,0,0,3,0,0,0,0,Corn,Soybeans (Tri-State),65,bu,0,0,50,125,0,0,0,3,0,0,0,0,,,0,,0,0,0,0,0,0,0,0,0,0,0,0,,115,205,221,342
40.2447891,-85.15059728,20514,DPAC,DAVIS PURDUE AG CENT,DAVIS PURDUE AG CENT,M2,49,F15093-026,4/7/2020,11546,4.1,10.5,6.5,6.9,0,ppm,36,0,0,108,1250,330,5,0,1.7,32,43,1.1,0.4,0,M,M,M,,H,,,M,M,VH,L,,L,H,H,M,L ,,2.6,26.2,59.7,0,11.5,,0,0,0,Soybeans,Corn (Tri-State),175,bu,0,180,25,65,0,0,0,0,0,0,0,0,Corn,Soybeans (Tri-State),65,bu,0,0,20,110,0,0,0,0,0,0,0,0,,,0,,0,0,0,0,0,0,0,0,0,0,0,0,,45,175,87,292
40.24479308,-85.15006848,20514,DPAC,DAVIS PURDUE AG CENT,DAVIS PURDUE AG CENT,M2,50,F15093-026,4/7/2020,11547,6.2,17.1,7,0,0,ppm,52,0,0,201,2350,575,7,0,2.6,30,60,2.9,1.4,0,H,H,H,,VH,,,H,M,VH,L,,L,H,VH,H,H ,,3,28.1,68.9,0,0,,0,0,0,Soybeans,Corn (Tri-State),175,bu,0,180,0,0,0,0,0,2,0,0,0,0,Corn,Soybeans (Tri-State),65,bu,0,0,0,0,0,0,0,2,0,0,0,0,,,0,,0,0,0,0,0,0,0,0,0,0,0,0,,0,0,0,0
40.24479706,-85.14953986,20514,DPAC,DAVIS PURDUE AG CENT,DAVIS PURDUE AG CENT,M2,51,F15093-026,4/7/2020,11548,4.4,13.1,6.1,6.8,0,ppm,54,0,0,146,1450,370,7,0,1.9,25,57,1.8,0.5,0,M,M,M,,VH,,,M,M,H,L,,L,M,VH,H,L ,,2.9,23.5,55.3,0,18.3,,0,0,0,Soybeans,Corn (Tri-State),175,bu,1,180,0,40,0,0,0,0,0,0,0,0,Corn,Soybeans (Tri-State),65,bu,1,0,0,65,0,0,0,0,0,0,0,0,,,0,,0,0,0,0,0,0,0,0,0,0,0,0,,0,105,0,175
40.24480091,-85.14901124,20514,DPAC,DAVIS PURDUE AG CENT,DAVIS PURDUE AG CENT,M2,52,F15093-026,4/7/2020,11549,4.3,14.2,6.6,6.9,0,ppm,50,0,0,138,1750,465,6,0,2.1,35,80,2,0.5,0,M,M,M,,VH,,,M,M,VH,L,,L,H,VH,H,L ,,2.5,27.3,61.7,0,8.5,,0,0,0,Soybeans,Corn (Tri-State),175,bu,0,180,0,65,0,0,0,0,0,0,0,0,Corn,Soybeans (Tri-State),65,bu,0,0,0,110,0,0,0,0,0,0,0,0,,,0,,0,0,0,0,0,0,0,0,0,0,0,0,,0,175,0,292
40.24480475,-85.14848244,20514,DPAC,DAVIS PURDUE AG CENT,DAVIS PURDUE AG CENT,M2,53,F15093-026,4/7/2020,11550,3.9,14.3,6.7,6.9,0,ppm,59,0,0,189,1650,525,3,0,2.5,34,80,2.3,0.5,0,M,M,M,,VH,,,H,M,VH,VL,,L,H,VH,H,L ,,3.4,30.6,57.7,0,8.4,,0,0,0,Soybeans,Corn (Tri-State),175,bu,0,180,0,0,0,0,0,1,0,0,0,0,Corn,Soybeans (Tri-State),65,bu,0,0,0,0,0,0,0,1,0,0,0,0,,,0,,0,0,0,0,0,0,0,0,0,0,0,0,,0,0,0,0
40.24480873,-85.14795381,20514,DPAC,DAVIS PURDUE AG CENT,DAVIS PURDUE AG CENT,M2,54,F15093-026,4/7/2020,11551,3,14.7,6.1,6.7,0,ppm,35,0,0,135,1400,455,4,0,1.8,32,66,1.7,0.4,0,M,M,M,,H,,,M,L,VH,L,,L,H,VH,H,L ,,2.3,25.7,47.5,0,24.4,,0,0,0,Soybeans,Corn (Tri-State),175,bu,2,180,30,65,0,0,0,0,0,0,0,0,Corn,Soybeans (Tri-State),65,bu,2,0,25,110,0,0,0,0,0,0,0,0,,,0,,0,0,0,0,0,0,0,0,0,0,0,0,,55,175,106,292
40.24440359,-85.14794878,20514,DPAC,DAVIS PURDUE AG CENT,DAVIS PURDUE AG CENT,M2,55,F15093-026,4/7/2020,11554,4.5,15.9,6.3,6.8,0,ppm,64,0,0,181,1800,490,5,0,3.9,32,103,2.6,0.5,0,M,H,M,,VH,,,H,M,VH,L,,M,H,VH,H,L ,,2.9,25.6,56.4,0,15,,0,0,0,Soybeans,Corn (Tri-State),175,bu,0,180,0,0,0,0,0,0,0,0,0,0,Corn,Soybeans (Tri-State),65,bu,0,0,0,0,0,0,0,0,0,0,0,0,,,0,,0,0,0,0,0,0,0,0,0,0,0,0,,0,0,0,0
40.24439975,-85.1484774,20514,DPAC,DAVIS PURDUE AG CENT,DAVIS PURDUE AG CENT,M2,56,F15093-026,4/7/2020,11555,4.7,12.9,6.1,6.8,0,ppm,71,0,0,208,1450,325,6,0,5.2,28,72,2.3,0.5,0,M,M,M,,VH,,,H,M,H,L,,H,M,VH,H,L ,,4.1,21,56.2,0,18.6,,0,0,0,Soybeans,Corn (Tri-State),175,bu,1,180,0,0,0,0,0,0,0,0,0,0,Corn,Soybeans (Tri-State),65,bu,1,0,0,0,0,0,0,0,0,0,0,0,,,0,,0,0,0,0,0,0,0,0,0,0,0,0,,0,0,0,0
40.24439576,-85.14900602,20514,DPAC,DAVIS PURDUE AG CENT,DAVIS PURDUE AG CENT,M2,57,F15093-026,4/7/2020,11556,2.3,10.5,5.6,6.7,0,ppm,35,0,0,97,950,230,5,0,2.5,37,82,1.6,0.2,0,L,M,L,,H,,,M,L,H,L,,L,H,VH,H,VL,,2.4,18.2,45.2,0,34.2,,0,0,0,Soybeans,Corn (Tri-State),175,bu,2,180,30,75,0,0,0,0,0,0,0,0,Corn,Soybeans (Tri-State),65,bu,2,0,25,115,0,0,0,0,0,0,0,0,,,0,,0,0,0,0,0,0,0,0,0,0,0,0,,55,190,106,317
40.24439178,-85.14953482,20514,DPAC,DAVIS PURDUE AG CENT,DAVIS PURDUE AG CENT,M2,58,F15093-026,4/7/2020,11557,2.8,10.3,6.4,6.9,0,ppm,27,0,0,96,1250,310,5,0,2.7,30,66,1.6,0.4,0,M,M,M,,M,,,M,M,VH,L,,L,H,VH,H,L ,,2.4,25.1,60.8,0,11.7,,0,0,0,Soybeans,Corn (Tri-State),175,bu,0,180,65,75,0,0,0,0,0,0,0,0,Corn,Soybeans (Tri-State),65,bu,0,0,50,120,0,0,0,0,0,0,0,0,,,0,,0,0,0,0,0,0,0,0,0,0,0,0,,115,195,221,325
40.24438794,-85.15006344,20514,DPAC,DAVIS PURDUE AG CENT,DAVIS PURDUE AG CENT,M2,59,F15093-026,4/7/2020,11558,3.6,12.7,5.7,6.7,0,ppm,67,0,0,198,1250,285,5,0,3.1,18,78,2,0.5,0,M,M,L,,VH,,,H,L,H,L,,M,M,VH,H,L ,,4,18.7,49.1,0,28.3,,0,0,0,Soybeans,Corn (Tri-State),175,bu,2,180,0,0,0,0,0,0,0,0,0,0,Corn,Soybeans (Tri-State),65,bu,2,0,0,0,0,0,0,0,0,0,0,0,,,0,,0,0,0,0,0,0,0,0,0,0,0,0,,0,0,0,0
40.24438396,-85.15059207,20514,DPAC,DAVIS PURDUE AG CENT,DAVIS PURDUE AG CENT,M2,60,F15093-026,4/7/2020,11559,3.6,10.9,6.8,0,0,ppm,35,0,0,123,1350,425,5,0,2.4,34,40,1.5,0.5,0,M,M,M,,H,,,M,M,VH,L,,L,H,H,H,L ,,2.9,32.4,61.7,0,3,,0,0,0,Soybeans,Corn (Tri-State),175,bu,0,180,30,65,0,0,0,1,0,0,0,0,Corn,Soybeans (Tri-State),65,bu,0,0,25,110,0,0,0,1,0,0,0,0,,,0,,0,0,0,0,0,0,0,0,0,0,0,0,,55,175,106,292
40.24438011,-85.15112087,20514,DPAC,DAVIS PURDUE AG CENT,DAVIS PURDUE AG CENT,M2,61,F15093-026,4/7/2020,11560,4.2,12.9,6.7,6.9,0,ppm,36,0,0,153,1550,425,6,0,4.2,34,63,2.2,0.6,0,M,M,M,,H,,,H,M,VH,L,,M,H,VH,H,M ,,3,27.5,60.2,0,9.3,,0,0,0,Soybeans,Corn (Tri-State),175,bu,0,180,25,15,0,0,0,0,0,0,0,0,Corn,Soybeans (Tri-State),65,bu,0,0,20,25,0,0,0,0,0,0,0,0,,,0,,0,0,0,0,0,0,0,0,0,0,0,0,,45,40,87,67
40.24437613,-85.15164949,20514,DPAC,DAVIS PURDUE AG CENT,DAVIS PURDUE AG CENT,M2,62,F15093-026,4/7/2020,11561,5.4,17.6,6.2,6.7,0,ppm,60,0,0,176,1900,490,6,0,4.8,33,112,2.6,0.5,0,H,H,M,,VH,,,H,L,H,L,,M,H,VH,H,L ,,2.6,23.2,53.9,0,20.4,,0,0,0,Soybeans,Corn (Tri-State),175,bu,2,180,0,0,0,0,0,0,0,0,0,0,Corn,Soybeans (Tri-State),65,bu,2,0,0,0,0,0,0,0,0,0,0,0,,,0,,0,0,0,0,0,0,0,0,0,0,0,0,,0,0,0,0
40.24437229,-85.15217829,20514,DPAC,DAVIS PURDUE AG CENT,DAVIS PURDUE AG CENT,M2,63,F15093-026,4/7/2020,11562,3.3,11.2,6,6.8,0,ppm,42,0,0,120,1150,325,6,0,2.7,40,80,1.5,0.2,0,M,M,M,,H,,,M,L,H,L,,L,H,VH,H,VL,,2.8,24.3,51.5,0,21.5,,0,0,0,Soybeans,Corn (Tri-State),175,bu,1,180,0,65,0,0,0,0,0,0,0,0,Corn,Soybeans (Tri-State),65,bu,1,0,0,110,0,0,0,0,0,0,0,0,,,0,,0,0,0,0,0,0,0,0,0,0,0,0,,0,175,0,292
40.24413986,-85.14788007,20514,DPAC,DAVIS PURDUE AG CENT,DAVIS PURDUE AG CENT,N,1,F15093-056,4/7/2020,14595,3.1,10.7,7.3,0,0,ppm,31,0,0,113,1450,375,5,0,2.4,48,43,1.9,0.7,0,M,M,H,,H,,,M,M,VH,L,,L,H,H,H,M ,,2.7,29.3,68,0,0,,0,0,0,Soybeans,Wheat (Tri-State),100,bu,0,130,65,55,0,0,0,4,0,0,0,0,Wheat,Corn (Tri-State),175,bu,0,210,60,65,0,0,0,4,0,0,0,0,,,0,,0,0,0,0,0,0,0,0,0,0,0,0,,125,120,240,200
40.24413285,-85.14840869,20514,DPAC,DAVIS PURDUE AG CENT,DAVIS PURDUE AG CENT,N,2,F15093-056,4/7/2020,14596,2.7,10.4,6.8,0,0,ppm,24,0,0,128,1300,395,6,0,2.3,51,52,1.8,0.3,0,M,M,M,,M,,,M,M,VH,L,,L,VH,VH,H,VL,,3.1,31.6,62.3,0,3,,0,0,0,Soybeans,Wheat (Tri-State),100,bu,0,130,70,55,0,0,0,1,0,0,0,0,Wheat,Corn (Tri-State),175,bu,0,210,65,65,0,0,0,1,0,0,0,0,,,0,,0,0,0,0,0,0,0,0,0,0,0,0,,135,120,260,200
40.24412613,-85.14893731,20514,DPAC,DAVIS PURDUE AG CENT,DAVIS PURDUE AG CENT,N,3,F15093-056,4/7/2020,14597,2.8,12,7.6,0,0,ppm,23,0,0,122,1600,445,5,0,2,50,42,1.6,0.4,0,M,M,VH,,M,,,M,M,VH,L,,L,VH,H,H,L ,,2.6,30.8,66.5,0,0,,0,0,0,Soybeans,Wheat (Tri-State),100,bu,0,130,75,55,0,0,0,5,0,0,0,0,Wheat,Corn (Tri-State),175,bu,0,210,65,65,0,0,0,5,0,0,0,0,,,0,,0,0,0,0,0,0,0,0,0,0,0,0,,140,120,269,200
40.24411926,-85.14946593,20514,DPAC,DAVIS PURDUE AG CENT,DAVIS PURDUE AG CENT,N,4,F15093-056,4/7/2020,14598,2.8,10.1,6.6,6.9,0,ppm,25,0,0,148,1100,360,6,0,1.8,36,36,1.4,0.3,0,M,M,M,,M,,,H,L,VH,L,,L,H,H,H,VL,,3.8,29.8,54.6,0,11.9,,0,0,0,Soybeans,Wheat (Tri-State),100,bu,0,130,65,5,0,0,0,0,0,0,0,0,Wheat,Corn (Tri-State),175,bu,0,210,65,10,0,0,0,0,0,0,0,0,,,0,,0,0,0,0,0,0,0,0,0,0,0,0,,130,15,250,25
40.2441124,-85.14999456,20514,DPAC,DAVIS PURDUE AG CENT,DAVIS PURDUE AG CENT,N,5,F15093-056,4/7/2020,14599,4.6,13.8,6.5,6.9,0,ppm,49,0,0,195,1750,400,7,0,3.7,30,68,2.7,0.5,0,M,M,M,,H,,,H,M,H,L,,M,H,VH,H,L ,,3.6,24.2,63.5,0,8.7,,0,0,0,Soybeans,Wheat (Tri-State),100,bu,0,130,5,0,0,0,0,0,0,0,0,0,Wheat,Corn (Tri-State),175,bu,0,210,0,0,0,0,0,0,0,0,0,0,,,0,,0,0,0,0,0,0,0,0,0,0,0,0,,5,0,10,0
40.24410553,-85.15052318,20514,DPAC,DAVIS PURDUE AG CENT,DAVIS PURDUE AG CENT,N,6,F15093-056,4/7/2020,14600,4.7,15.4,6.3,6.8,0,ppm,49,0,0,192,1800,415,8,0,3.6,32,69,2.6,0.6,0,M,H,M,,H,,,H,M,H,M,,M,H,VH,H,M ,,3.2,22.5,58.6,0,15.6,,0,0,0,Soybeans,Wheat (Tri-State),100,bu,0,130,5,0,0,0,0,0,0,0,0,0,Wheat,Corn (Tri-State),175,bu,0,210,0,0,0,0,0,0,0,0,0,0,,,0,,0,0,0,0,0,0,0,0,0,0,0,0,,5,0,10,0
40.24409853,-85.1510518,20514,DPAC,DAVIS PURDUE AG CENT,DAVIS PURDUE AG CENT,N,7,F15093-056,4/7/2020,14601,2.5,8.5,5.9,6.8,0,ppm,29,0,0,79,800,225,6,0,2.2,42,57,1.3,0.2,0,L,M,M,,M,,,M,L,H,L,,L,H,VH,H,VL,,2.4,22.1,47.2,0,28.3,,0,0,0,Soybeans,Wheat (Tri-State),100,bu,1,130,65,80,0,0,0,0,0,0,0,0,Wheat,Corn (Tri-State),175,bu,1,210,65,90,0,0,0,0,0,0,0,0,,,0,,0,0,0,0,0,0,0,0,0,0,0,0,,130,170,250,283
40.2440918,-85.15158042,20514,DPAC,DAVIS PURDUE AG CENT,DAVIS PURDUE AG CENT,N,8,F15093-056,4/7/2020,14602,2.6,8,6.7,6.9,0,ppm,32,0,0,84,900,250,6,0,2.3,44,62,1.3,0.2,0,M,L,M,,H,,,M,M,VH,L,,L,H,VH,H,VL,,2.7,26,56.3,0,15,,0,0,0,Soybeans,Wheat (Tri-State),100,bu,0,130,65,70,0,0,0,1,0,0,0,0,Wheat,Corn (Tri-State),175,bu,0,210,50,85,0,0,0,1,0,0,0,0,,,0,,0,0,0,0,0,0,0,0,0,0,0,0,,115,155,221,258
40.24408494,-85.15210904,20514,DPAC,DAVIS PURDUE AG CENT,DAVIS PURDUE AG CENT,N,9,F15093-056,4/7/2020,14603,2.9,8.9,6.4,6.9,0,ppm,32,0,0,84,1000,295,6,0,3.6,43,61,1.4,0.2,0,M,M,M,,H,,,M,M,VH,L,,M,H,VH,H,VL,,2.4,27.7,56.3,0,13.5,,0,0,0,Soybeans,Wheat (Tri-State),100,bu,0,130,65,75,0,0,0,0,0,0,0,0,Wheat,Corn (Tri-State),175,bu,0,210,50,85,0,0,0,0,0,0,0,0,,,0,,0,0,0,0,0,0,0,0,0,0,0,0,,115,160,221,267
40.24367979,-85.15210005,20514,DPAC,DAVIS PURDUE AG CENT,DAVIS PURDUE AG CENT,N,10,F15093-056,4/7/2020,14604,3.1,9.7,6.9,0,0,ppm,35,0,0,99,1200,400,5,0,2.3,43,52,1.5,0.2,0,M,M,M,,H,,,M,M,VH,L,,L,H,VH,H,VL,,2.6,34.2,61.6,0,1.5,,0,0,0,Soybeans,Wheat (Tri-State),100,bu,0,130,65,55,0,0,0,2,0,0,0,0,Wheat,Corn (Tri-State),175,bu,0,210,30,70,0,0,0,2,0,0,0,0,,,0,,0,0,0,0,0,0,0,0,0,0,0,0,,95,125,183,208
40.24368666,-85.15157143,20514,DPAC,DAVIS PURDUE AG CENT,DAVIS PURDUE AG CENT,N,11,F15093-056,4/7/2020,14605,3.1,10,7,0,0,ppm,29,0,0,115,1300,385,6,0,2.1,42,31,1.3,0.2,0,M,M,H,,M,,,M,M,VH,L,,L,H,H,H,VL,,2.9,32.1,65,0,0,,0,0,0,Soybeans,Wheat (Tri-State),100,bu,0,130,65,55,0,0,0,2,0,0,0,0,Wheat,Corn (Tri-State),175,bu,0,210,65,65,0,0,0,2,0,0,0,0,,,0,,0,0,0,0,0,0,0,0,0,0,0,0,,130,120,250,200
40.24369366,-85.15104299,20514,DPAC,DAVIS PURDUE AG CENT,DAVIS PURDUE AG CENT,N,12,F15093-056,4/7/2020,14606,3.2,9.8,6.7,6.9,0,ppm,20,0,0,105,1150,310,5,0,2,40,32,1.4,0.3,0,M,M,M,,M,,,M,M,VH,L,,L,H,H,H,VL,,2.7,26.4,58.7,0,12.2,,0,0,0,Soybeans,Wheat (Tri-State),100,bu,0,130,90,55,0,0,0,1,0,0,0,0,Wheat,Corn (Tri-State),175,bu,0,210,65,65,0,0,0,1,0,0,0,0,,,0,,0,0,0,0,0,0,0,0,0,0,0,0,,155,120,298,200
40.24370039,-85.15051418,20514,DPAC,DAVIS PURDUE AG CENT,DAVIS PURDUE AG CENT,N,13,F15093-056,4/7/2020,14607,3.2,11.3,7.1,0,0,ppm,30,0,0,127,1500,415,6,0,2.6,38,63,1.7,0.4,0,M,M,H,,H,,,M,M,VH,L,,L,H,VH,H,L ,,2.9,30.6,66.5,0,0,,0,0,0,Soybeans,Wheat (Tri-State),100,bu,0,130,65,55,0,0,0,2,0,0,0,0,Wheat,Corn (Tri-State),175,bu,0,210,65,65,0,0,0,2,0,0,0,0,,,0,,0,0,0,0,0,0,0,0,0,0,0,0,,130,120,250,200
40.24370725,-85.14998556,20514,DPAC,DAVIS PURDUE AG CENT,DAVIS PURDUE AG CENT,N,14,F15093-056,4/7/2020,14610,3.1,10.3,6.4,6.9,0,ppm,55,0,0,133,1200,335,7,0,4,36,110,1.6,0.3,0,M,M,M,,VH,,,M,M,VH,L,,M,H,VH,H,VL,,3.3,27,58.1,0,11.6,,0,0,0,Soybeans,Wheat (Tri-State),100,bu,0,130,0,50,0,0,0,0,0,0,0,0,Wheat,Corn (Tri-State),175,bu,0,210,0,60,0,0,0,0,0,0,0,0,,,0,,0,0,0,0,0,0,0,0,0,0,0,0,,0,110,0,183
40.24371412,-85.14945694,20514,DPAC,DAVIS PURDUE AG CENT,DAVIS PURDUE AG CENT,N,15,F15093-056,4/7/2020,14611,2.6,10,6.8,0,0,ppm,38,0,0,97,1250,385,5,0,2.6,37,81,1.4,0.3,0,M,M,M,,H,,,M,M,VH,L,,L,H,VH,H,VL,,2.5,32.1,62.5,0,3,,0,0,0,Soybeans,Wheat (Tri-State),100,bu,0,130,65,60,0,0,0,1,0,0,0,0,Wheat,Corn (Tri-State),175,bu,0,210,15,70,0,0,0,1,0,0,0,0,,,0,,0,0,0,0,0,0,0,0,0,0,0,0,,80,130,154,217
40.24372098,-85.14892832,20514,DPAC,DAVIS PURDUE AG CENT,DAVIS PURDUE AG CENT,N,16,F15093-056,4/7/2020,14612,2.6,10,6.6,6.9,0,ppm,43,0,0,116,1100,360,5,0,2.5,40,76,1.4,0.3,0,M,M,M,,H,,,M,L,VH,L,,L,H,VH,H,VL,,3,30,55,0,12,,0,0,0,Soybeans,Wheat (Tri-State),100,bu,0,130,45,55,0,0,0,0,0,0,0,0,Wheat,Corn (Tri-State),175,bu,0,210,0,65,0,0,0,0,0,0,0,0,,,0,,0,0,0,0,0,0,0,0,0,0,0,0,,45,120,87,200
40.24372785,-85.1483997,20514,DPAC,DAVIS PURDUE AG CENT,DAVIS PURDUE AG CENT,N,17,F15093-056,4/7/2020,14613,2.9,8,6.9,0,0,ppm,16,0,0,91,950,345,5,0,1.8,44,34,1.1,0.2,0,M,L,M,,L,,,M,M,VH,L,,L,H,H,M,VL,,2.9,36,59.5,0,1.5,,0,0,0,Soybeans,Wheat (Tri-State),100,bu,0,130,110,65,0,0,0,2,0,0,0,0,Wheat,Corn (Tri-State),175,bu,0,210,65,75,0,0,0,2,0,0,0,0,,,0,,0,0,0,0,0,0,0,0,0,0,0,0,,175,140,337,233
40.24373471,-85.14787108,20514,DPAC,DAVIS PURDUE AG CENT,DAVIS PURDUE AG CENT,N,18,F15093-056,4/7/2020,14614,2.3,9.2,6.5,6.9,0,ppm,23,0,0,84,1000,335,6,0,1.7,37,60,1.7,0.2,0,L,M,M,,M,,,M,L,VH,L,,L,H,VH,H,VL,,2.3,30.3,54.3,0,13,,0,0,0,Soybeans,Wheat (Tri-State),100,bu,0,130,75,75,0,0,0,0,0,0,0,0,Wheat,Corn (Tri-State),175,bu,0,210,65,90,0,0,0,0,0,0,0,0,,,0,,0,0,0,0,0,0,0,0,0,0,0,0,,140,165,269,275
40.24332956,-85.14786226,20514,DPAC,DAVIS PURDUE AG CENT,DAVIS PURDUE AG CENT,N,19,F15093-056,4/7/2020,14615,3.3,10.5,6.8,0,0,ppm,20,0,0,124,1200,465,5,0,1.6,37,44,1.3,0.3,0,M,M,M,,M,,,M,M,VH,L,,L,H,H,H,VL,,3,36.9,57.1,0,3,,0,0,0,Soybeans,Wheat (Tri-State),100,bu,0,130,90,55,0,0,0,1,0,0,0,0,Wheat,Corn (Tri-State),175,bu,0,210,65,65,0,0,0,1,0,0,0,0,,,0,,0,0,0,0,0,0,0,0,0,0,0,0,,155,120,298,200
40.24332284,-85.14839088,20514,DPAC,DAVIS PURDUE AG CENT,DAVIS PURDUE AG CENT,N,20,F15093-056,4/7/2020,14616,3.3,9.5,7,0,0,ppm,14,0,0,91,1200,395,4,0,1.8,35,37,1.3,0.3,0,M,M,H,,L,,,M,M,VH,L,,L,H,H,H,VL,,2.4,34.6,63,0,0,,0,0,0,Soybeans,Wheat (Tri-State),100,bu,0,130,120,70,0,0,0,2,0,0,0,0,Wheat,Corn (Tri-State),175,bu,0,210,70,80,0,0,0,2,0,0,0,0,,,0,,0,0,0,0,0,0,0,0,0,0,0,0,,190,150,365,250
40.24331583,-85.14891933,20514,DPAC,DAVIS PURDUE AG CENT,DAVIS PURDUE AG CENT,N,21,F15093-056,4/7/2020,14617,3.3,13.2,7.2,0,0,ppm,29,0,0,147,1550,605,6,0,2.1,41,47,1.5,0.4,0,M,M,H,,M,,,M,M,VH,L,,L,H,H,H,L ,,2.9,38.3,58.9,0,0,,0,0,0,Soybeans,Wheat (Tri-State),100,bu,0,130,65,30,0,0,0,3,0,0,0,0,Wheat,Corn (Tri-State),175,bu,0,210,65,35,0,0,0,3,0,0,0,0,,,0,,0,0,0,0,0,0,0,0,0,0,0,0,,130,65,250,108
40.24330897,-85.14944795,20514,DPAC,DAVIS PURDUE AG CENT,DAVIS PURDUE AG CENT,N,22,F15093-056,4/7/2020,14618,2.9,11.4,7,0,0,ppm,27,0,0,138,1450,455,5,0,2.3,42,56,1.7,0.3,0,M,M,H,,M,,,M,M,VH,L,,L,H,VH,H,VL,,3.1,33.3,63.6,0,0,,0,0,0,Soybeans,Wheat (Tri-State),100,bu,0,130,65,45,0,0,0,2,0,0,0,0,Wheat,Corn (Tri-State),175,bu,0,210,65,50,0,0,0,2,0,0,0,0,,,0,,0,0,0,0,0,0,0,0,0,0,0,0,,130,95,250,158
40.24330224,-85.14997675,20514,DPAC,DAVIS PURDUE AG CENT,DAVIS PURDUE AG CENT,N,23,F15093-056,4/7/2020,14619,2.7,11.5,7.3,0,0,ppm,29,0,0,131,1500,435,5,0,2.8,52,57,1.8,0.5,0,M,M,H,,M,,,M,M,VH,L,,L,VH,VH,H,L ,,2.9,31.6,65.4,0,0,,0,0,0,Soybeans,Wheat (Tri-State),100,bu,0,130,65,55,0,0,0,3,0,0,0,0,Wheat,Corn (Tri-State),175,bu,0,210,65,65,0,0,0,3,0,0,0,0,,,0,,0,0,0,0,0,0,0,0,0,0,0,0,,130,120,250,200
40.24329524,-85.15050537,20514,DPAC,DAVIS PURDUE AG CENT,DAVIS PURDUE AG CENT,N,24,F15093-056,4/7/2020,14620,2.8,13.4,6.9,0,0,ppm,17,0,0,156,1550,610,5,0,2.7,36,30,1.4,0.2,0,M,M,M,,L,,,H,M,VH,L,,L,H,H,H,VL,,3,37.8,57.7,0,1.5,,0,0,0,Soybeans,Wheat (Tri-State),100,bu,0,130,105,5,0,0,0,1,0,0,0,0,Wheat,Corn (Tri-State),175,bu,0,210,65,10,0,0,0,1,0,0,0,0,,,0,,0,0,0,0,0,0,0,0,0,0,0,0,,170,15,327,25
40.24328851,-85.15103381,20514,DPAC,DAVIS PURDUE AG CENT,DAVIS PURDUE AG CENT,N,25,F15093-056,4/7/2020,14621,2.7,13.8,7.7,0,0,ppm,27,0,0,156,1650,615,5,0,2.1,60,29,1.8,0.6,0,M,M,VH,,M,,,H,M,VH,L,,L,VH,H,H,M ,,2.9,37.2,59.9,0,0,,0,0,0,Soybeans,Wheat (Tri-State),100,bu,0,130,65,10,0,0,0,6,0,0,0,0,Wheat,Corn (Tri-State),175,bu,0,210,65,10,0,0,0,6,0,0,0,0,,,0,,0,0,0,0,0,0,0,0,0,0,0,0,,130,20,250,33
40.24328165,-85.15156243,20514,DPAC,DAVIS PURDUE AG CENT,DAVIS PURDUE AG CENT,N,26,F15093-056,4/7/2020,14622,2.9,11.6,7.3,0,0,ppm,18,0,0,126,1450,480,6,0,2.1,45,31,2,0.6,0,M,M,H,,L,,,M,M,VH,L,,L,H,H,H,M ,,2.8,34.6,62.6,0,0,,0,0,0,Soybeans,Wheat (Tri-State),100,bu,0,130,100,55,0,0,0,4,0,0,0,0,Wheat,Corn (Tri-State),175,bu,0,210,65,65,0,0,0,4,0,0,0,0,,,0,,0,0,0,0,0,0,0,0,0,0,0,0,,165,120,317,200
40.24327465,-85.15209106,20514,DPAC,DAVIS PURDUE AG CENT,DAVIS PURDUE AG CENT,N,27,F15093-056,4/7/2020,14623,2.9,12.2,7.6,0,0,ppm,20,0,0,115,1500,525,4,0,1.8,48,30,1.6,0.5,0,M,M,VH,,M,,,M,M,VH,L,,L,H,H,H,L ,,2.4,35.9,61.6,0,0,,0,0,0,Soybeans,Wheat (Tri-State),100,bu,0,130,90,55,0,0,0,5,0,0,0,0,Wheat,Corn (Tri-State),175,bu,0,210,65,65,0,0,0,5,0,0,0,0,,,0,,0,0,0,0,0,0,0,0,0,0,0,0,,155,120,298,200
40.24286963,-85.15208224,20514,DPAC,DAVIS PURDUE AG CENT,DAVIS PURDUE AG CENT,N,28,F15093-056,4/7/2020,14624,4.2,15.2,7,0,0,ppm,55,0,0,159,1950,605,6,0,2.9,22,81,3.1,0.8,0,M,H,H,,VH,,,H,M,VH,L,,L,M,VH,VH,M ,,2.7,33.2,64.1,0,0,,0,0,0,Soybeans,Wheat (Tri-State),100,bu,0,130,0,10,0,0,0,2,0,0,0,0,Wheat,Corn (Tri-State),175,bu,0,210,0,15,0,0,0,2,0,0,0,0,,,0,,0,0,0,0,0,0,0,0,0,0,0,0,,0,25,0,42
40.2428765,-85.15155362,20514,DPAC,DAVIS PURDUE AG CENT,DAVIS PURDUE AG CENT,N,29,F15093-056,4/7/2020,14625,4.3,15.3,6.5,6.9,0,ppm,68,0,0,184,1800,555,7,0,3,19,86,3.1,0.7,0,M,H,M,,VH,,,H,M,VH,L,,M,M,VH,VH,M ,,3.1,30.2,58.8,0,7.8,,0,0,0,Soybeans,Wheat (Tri-State),100,bu,0,130,0,0,0,0,0,0,0,0,0,0,Wheat,Corn (Tri-State),175,bu,0,210,0,0,0,0,0,0,0,0,0,0,,,0,,0,0,0,0,0,0,0,0,0,0,0,0,,0,0,0,0
40.24288336,-85.15102482,20514,DPAC,DAVIS PURDUE AG CENT,DAVIS PURDUE AG CENT,N,30,F15093-056,4/7/2020,14626,3.5,14.4,6.5,6.9,0,ppm,48,0,0,205,1650,535,6,0,2.7,31,54,2.4,0.5,0,M,M,M,,H,,,H,M,VH,L,,L,H,VH,H,L ,,3.6,30.9,57.2,0,8.3,,0,0,0,Soybeans,Wheat (Tri-State),100,bu,0,130,15,0,0,0,0,0,0,0,0,0,Wheat,Corn (Tri-State),175,bu,0,210,0,0,0,0,0,0,0,0,0,0,,,0,,0,0,0,0,0,0,0,0,0,0,0,0,,15,0,29,0
40.24289023,-85.15049638,20514,DPAC,DAVIS PURDUE AG CENT,DAVIS PURDUE AG CENT,N,31,F15093-056,4/7/2020,14627,3.2,12.8,6.7,6.9,0,ppm,41,0,0,137,1450,475,6,0,2.7,32,79,2.3,0.6,0,M,M,M,,H,,,M,M,VH,L,,L,H,VH,H,M ,,2.8,31,56.8,0,9.4,,0,0,0,Soybeans,Wheat (Tri-State),100,bu,0,130,55,55,0,0,0,0,0,0,0,0,Wheat,Corn (Tri-State),175,bu,0,210,0,65,0,0,0,0,0,0,0,0,,,0,,0,0,0,0,0,0,0,0,0,0,0,0,,55,120,106,200
40.24289709,-85.14996776,20514,DPAC,DAVIS PURDUE AG CENT,DAVIS PURDUE AG CENT,N,32,F15093-056,4/7/2020,14628,3.7,11.6,6.4,6.9,0,ppm,40,0,0,122,1350,395,6,0,3,33,61,2.2,0.5,0,M,M,M,,H,,,M,M,VH,L,,M,H,VH,H,L ,,2.7,28.5,58.4,0,10.4,,0,0,0,Soybeans,Wheat (Tri-State),100,bu,0,130,65,55,0,0,0,0,0,0,0,0,Wheat,Corn (Tri-State),175,bu,0,210,0,65,0,0,0,0,0,0,0,0,,,0,,0,0,0,0,0,0,0,0,0,0,0,0,,65,120,125,200
40.24290396,-85.14943913,20514,DPAC,DAVIS PURDUE AG CENT,DAVIS PURDUE AG CENT,N,33,F15093-056,4/7/2020,14629,3,10.5,6.9,0,0,ppm,27,0,0,128,1300,425,6,0,2.1,35,45,1.6,0.2,0,M,M,M,,M,,,M,M,VH,L,,L,H,H,H,VL,,3.1,33.6,61.7,0,1.5,,0,0,0,Soybeans,Wheat (Tri-State),100,bu,0,130,65,55,0,0,0,2,0,0,0,0,Wheat,Corn (Tri-State),175,bu,0,210,65,65,0,0,0,2,0,0,0,0,,,0,,0,0,0,0,0,0,0,0,0,0,0,0,,130,120,250,200
40.24291082,-85.14891051,20514,DPAC,DAVIS PURDUE AG CENT,DAVIS PURDUE AG CENT,N,34,F15093-056,4/7/2020,14632,3,18.6,7.8,0,0,ppm,34,0,0,141,2900,445,5,0,1.9,44,21,1.7,0.7,0,M,H,VH,,H,,,M,H,H,L,,L,H,H,H,M ,,1.9,20,78.1,0,0,,0,0,0,Soybeans,Wheat (Tri-State),100,bu,0,130,65,55,0,0,0,6,0,0,0,0,Wheat,Corn (Tri-State),175,bu,0,210,40,65,0,0,0,6,0,0,0,0,,,0,,0,0,0,0,0,0,0,0,0,0,0,0,,105,120,202,200
40.24291769,-85.14838189,20514,DPAC,DAVIS PURDUE AG CENT,DAVIS PURDUE AG CENT,N,35,F15093-056,4/7/2020,14633,3.1,13.6,7.7,0,0,ppm,25,0,0,124,1750,545,5,0,2.1,48,35,1.9,0.5,0,M,M,VH,,M,,,M,M,VH,L,,L,H,H,H,L ,,2.3,33.4,64.3,0,0,,0,0,0,Soybeans,Wheat (Tri-State),100,bu,0,130,65,55,0,0,0,6,0,0,0,0,Wheat,Corn (Tri-State),175,bu,0,210,65,65,0,0,0,6,0,0,0,0,,,0,,0,0,0,0,0,0,0,0,0,0,0,0,,130,120,250,200
40.24292455,-85.14785327,20514,DPAC,DAVIS PURDUE AG CENT,DAVIS PURDUE AG CENT,N,36,F15093-056,4/7/2020,14634,2.9,11.2,6.6,6.9,0,ppm,42,0,0,135,1250,410,6,0,2.2,38,85,1.8,0.3,0,M,M,M,,H,,,M,M,VH,L,,L,H,VH,H,VL,,3.1,30.5,55.7,0,10.7,,0,0,0,Soybeans,Wheat (Tri-State),100,bu,0,130,50,50,0,0,0,0,0,0,0,0,Wheat,Corn (Tri-State),175,bu,0,210,0,60,0,0,0,0,0,0,0,0,,,0,,0,0,0,0,0,0,0,0,0,0,0,0,,50,110,96,183
40.24247135,-85.15154463,20514,DPAC,DAVIS PURDUE AG CENT,DAVIS PURDUE AG CENT,N,39,F15093-056,4/7/2020,14635,4.3,15.1,6.4,6.8,0,ppm,60,0,0,165,1650,485,6,0,2.5,14,94,2.6,0.4,0,M,H,M,,VH,,,H,L,VH,L,,L,L,VH,H,L ,,2.8,26.7,54.6,0,15.9,,0,0,0,Soybeans,Wheat (Tri-State),100,bu,0,130,0,0,0,0,0,0,0,0,0,0,Wheat,Corn (Tri-State),175,bu,0,210,0,0,0,0,0,0,0,0,0,0,,,0,,0,0,0,0,0,0,0,0,0,0,0,0,,0,0,0,0
40.24246462,-85.15207325,20514,DPAC,DAVIS PURDUE AG CENT,DAVIS PURDUE AG CENT,N,40,F15093-056,4/7/2020,14636,4.2,13.9,6.8,0,0,ppm,58,0,0,171,1750,520,6,0,2.8,19,71,2.7,0.6,0,M,M,M,,VH,,,H,M,VH,L,,L,M,VH,H,M ,,3.1,31.1,62.8,0,3,,0,0,0,Soybeans,Wheat (Tri-State),100,bu,0,130,0,0,0,0,0,1,0,0,0,0,Wheat,Corn (Tri-State),175,bu,0,210,0,0,0,0,0,1,0,0,0,0,,,0,,0,0,0,0,0,0,0,0,0,0,0,0,,0,0,0,0
40.24205947,-85.15206426,20514,DPAC,DAVIS PURDUE AG CENT,DAVIS PURDUE AG CENT,N,41,F15093-056,4/7/2020,14637,3,14.4,7.3,0,0,ppm,50,0,0,155,1750,630,13,0,2.5,30,76,2,0.8,0,M,M,H,,VH,,,M,M,VH,H,,L,H,VH,H,M ,,2.8,36.5,60.8,0,0,,0,0,0,Soybeans,Wheat (Tri-State),100,bu,0,130,0,15,0,0,0,4,0,0,0,0,Wheat,Corn (Tri-State),175,bu,0,210,0,20,0,0,0,4,0,0,0,0,,,0,,0,0,0,0,0,0,0,0,0,0,0,0,,0,35,0,58
40.24206647,-85.15153563,20514,DPAC,DAVIS PURDUE AG CENT,DAVIS PURDUE AG CENT,N,42,F15093-056,4/7/2020,14638,3.4,18.5,7.8,0,0,ppm,42,0,0,166,2450,700,15,0,3.8,30,104,3,1.6,0,M,H,VH,,H,,,M,M,VH,H,,M,H,VH,H,H ,,2.3,31.5,66.2,0,0,,0,0,0,Soybeans,Wheat (Tri-State),100,bu,0,130,50,15,0,0,0,5,2,0,0,0,Wheat,Corn (Tri-State),175,bu,0,210,0,20,0,0,0,5,2,0,0,0,,,0,,0,0,0,0,0,0,0,0,0,0,0,0,,50,35,96,58
40.24207319,-85.15100701,20514,DPAC,DAVIS PURDUE AG CENT,DAVIS PURDUE AG CENT,N,43,F15093-056,4/7/2020,14639,4.3,20.3,8,0,0,ppm,245,0,0,246,3050,535,15,0,13.1,22,138,3.3,2,0,M,H,VH,,VH,,,H,M,H,H,,VH,M,VH,VH,H ,,3.1,21.9,75,0,0,,0,0,0,Soybeans,Wheat (Tri-State),100,bu,0,130,0,0,0,0,0,3,6,0,0,0,Wheat,Corn (Tri-State),175,bu,0,210,0,0,0,0,0,3,6,0,0,0,,,0,,0,0,0,0,0,0,0,0,0,0,0,0,,0,0,0,0
40.24208006,-85.15047839,20514,DPAC,DAVIS PURDUE AG CENT,DAVIS PURDUE AG CENT,N,44,F15093-056,4/7/2020,14640,5,18.5,7.3,0,0,ppm,215,0,0,238,2950,380,9,0,37.9,31,95,6.1,2.1,0,H,H,H,,VH,,,H,H,H,M,,VH,H,VH,VH,H ,,3.3,17.1,79.6,0,0,,0,0,0,Soybeans,Wheat (Tri-State),100,bu,0,130,0,0,0,0,0,0,0,0,0,0,Wheat,Corn (Tri-State),175,bu,0,210,0,0,0,0,0,0,0,0,0,0,,,0,,0,0,0,0,0,0,0,0,0,0,0,0,,0,0,0,0
40.24208692,-85.14994977,20514,DPAC,DAVIS PURDUE AG CENT,DAVIS PURDUE AG CENT,N,45,F15093-056,4/7/2020,14641,3.1,11.1,7.2,0,0,ppm,89,0,0,230,1500,360,6,0,9.7,44,44,2.4,0.8,0,M,M,H,,VH,,,VH,M,VH,L,,H,H,H,H,M ,,5.3,27.1,67.6,0,0,,0,0,0,Soybeans,Wheat (Tri-State),100,bu,0,130,0,0,0,0,0,0,0,0,0,0,Wheat,Corn (Tri-State),175,bu,0,210,0,0,0,0,0,0,0,0,0,0,,,0,,0,0,0,0,0,0,0,0,0,0,0,0,,0,0,0,0
40.24209379,-85.14942115,20514,DPAC,DAVIS PURDUE AG CENT,DAVIS PURDUE AG CENT,N,46,F15093-056,4/7/2020,14642,3.5,11.9,6,6.8,0,ppm,71,0,0,152,1200,370,6,0,3.7,39,51,1.9,0.2,0,M,M,M,,VH,,,H,L,VH,L,,M,H,VH,H,VL,,3.3,26,50.5,0,20.2,,0,0,0,Soybeans,Wheat (Tri-State),100,bu,1,130,0,10,0,0,0,0,0,0,0,0,Wheat,Corn (Tri-State),175,bu,1,210,0,10,0,0,0,0,0,0,0,0,,,0,,0,0,0,0,0,0,0,0,0,0,0,0,,0,20,0,33
40.24210065,-85.14889253,20514,DPAC,DAVIS PURDUE AG CENT,DAVIS PURDUE AG CENT,N,47,F15093-056,4/7/2020,14643,3.4,11.5,6.5,6.9,0,ppm,41,0,0,127,1350,385,5,0,2.4,28,76,1.9,0.5,0,M,M,M,,H,,,M,M,VH,L,,L,M,VH,H,L ,,2.8,27.9,58.8,0,10.4,,0,0,0,Soybeans,Wheat (Tri-State),100,bu,0,130,55,55,0,0,0,0,0,0,0,0,Wheat,Corn (Tri-State),175,bu,0,210,0,65,0,0,0,0,0,0,0,0,,,0,,0,0,0,0,0,0,0,0,0,0,0,0,,55,120,106,200
40.24210752,-85.14836409,20514,DPAC,DAVIS PURDUE AG CENT,DAVIS PURDUE AG CENT,N,48,F15093-056,4/7/2020,14644,4.2,16.6,7.3,0,0,ppm,49,0,0,137,2200,630,9,0,4.1,32,79,2.7,1,0,M,H,H,,H,,,M,M,VH,M,,M,H,VH,H,M ,,2.1,31.6,66.3,0,0,,0,0,0,Soybeans,Wheat (Tri-State),100,bu,0,130,5,55,0,0,0,3,0,0,0,0,Wheat,Corn (Tri-State),175,bu,0,210,0,65,0,0,0,3,0,0,0,0,,,0,,0,0,0,0,0,0,0,0,0,0,0,0,,5,120,10,200
40.24211425,-85.14783546,20514,DPAC,DAVIS PURDUE AG CENT,DAVIS PURDUE AG CENT,N,49,F15093-056,4/7/2020,14645,3.2,11.7,6.6,6.9,0,ppm,15,0,0,98,1350,425,6,0,2.3,48,51,1.7,0.4,0,M,M,M,,L,,,M,M,VH,L,,L,H,VH,H,L ,,2.1,30.2,57.5,0,10.2,,0,0,0,Soybeans,Wheat (Tri-State),100,bu,0,130,115,65,0,0,0,0,0,0,0,0,Wheat,Corn (Tri-State),175,bu,0,210,65,75,0,0,0,0,0,0,0,0,,,0,,0,0,0,0,0,0,0,0,0,0,0,0,,180,140,346,233
